Current_Ratio,Quick_Ratio,Return_on_Assets,Net_Profit_Margin,Debt_to_Equity,Interest_Coverage,Asset_Turnover,Business_Failure,Training/Test,,
1.68,1.19,-0.35,0.85,-0.28,0.46,1.00,-1,Training data,,
-1.48,-0.31,1.21,-0.25,0.49,-0.47,0.64,1,Training data,,
1.53,-1.33,1.15,-1.22,0.32,-1.41,-0.82,1,Training data,?1+?2+….+?700,0
-0.17,-1.42,-0.79,0.62,-0.98,0.79,0.24,-1,Training data,n,700
-1.55,-0.74,0.34,0.25,-0.48,-0.19,0.97,-1,Training data,?1+?2+….+?700,
-0.69,0.89,-0.48,-0.85,1.65,-0.20,0.24,-1,Training data,,
-1.45,0.61,-0.16,1.45,-0.49,0.97,0.10,-1,Training data,,
-0.46,-1.55,-1.73,1.72,0.05,0.62,1.27,-1,Training data,,
1.42,0.38,-1.35,-0.30,0.43,0.58,-1.13,-1,Training data,,
1.24,-1.07,-0.16,1.45,0.37,-0.59,-1.11,-1,Training data,,
0.32,0.36,0.28,1.31,-0.03,0.27,-0.40,-1,Training data,,
-1.07,0.28,0.21,-0.25,-0.81,0.11,-0.46,-1,Training data,,
-1.04,-1.12,-0.91,0.25,-0.59,-0.47,1.39,-1,Training data,,
-0.31,0.76,-0.60,1.22,-0.92,1.13,-1.42,-1,Training data,,
-0.56,1.22,-0.79,0.99,-0.05,1.03,-1.56,-1,Training data,,
-1.02,-1.31,0.15,0.30,0.02,-1.54,-0.37,1,Training data,,
1.67,0.50,-0.85,0.71,-1.17,-1.19,0.98,-1,Training data,,
-0.43,-1.31,1.53,-0.85,-0.23,0.62,-1.13,-1,Training data,,
-0.04,-1.66,-0.04,-0.30,-0.25,1.14,-0.06,1,Training data,,
-0.16,-0.50,1.59,0.94,-0.43,-1.64,-0.87,-1,Training data,,
0.02,-1.15,1.03,0.62,-0.12,-0.23,0.87,-1,Training data,,
-1.54,-0.73,-0.41,-0.76,-0.87,-0.75,0.20,-1,Training data,,
-0.52,-1.12,-0.23,1.17,1.71,0.51,-1.02,-1,Training data,,
1.08,0.62,-0.54,-0.71,1.74,-0.43,-0.88,1,Training data,,
0.78,-1.12,0.78,-0.62,1.67,1.44,1.22,-1,Training data,,
-1.40,-0.91,0.59,1.13,0.05,-0.06,-0.96,-1,Training data,,
-0.32,-0.82,0.34,-0.44,0.51,1.35,1.72,-1,Training data,,
1.07,1.28,1.03,-0.76,-0.72,-0.65,-1.51,1,Training data,,
0.95,-0.44,-0.91,1.59,-0.24,0.40,-0.57,-1,Training data,,
-1.10,1.42,0.53,-1.13,1.22,1.18,0.88,-1,Training data,,
1.38,-0.56,0.71,-1.17,-0.66,0.28,-1.21,-1,Training data,,
1.21,0.93,-0.79,1.45,-0.33,0.77,1.31,1,Training data,,
1.04,1.65,-0.91,-1.36,1.23,-1.43,-1.38,-1,Training data,,
-1.25,-0.05,1.53,-1.08,0.94,-0.93,0.02,-1,Training data,,
-0.46,1.22,-0.16,0.07,-1.10,1.05,-1.15,-1,Training data,,
0.12,1.00,-1.04,-1.31,-1.37,-0.67,-1.48,-1,Training data,,
1.43,0.76,-0.16,-1.22,0.63,0.40,-1.67,-1,Training data,,
0.71,-1.65,-0.41,-0.35,-0.77,0.84,0.25,1,Training data,,
0.37,0.45,-0.48,-1.45,-1.38,0.01,-1.44,-1,Training data,,
0.12,-0.30,1.59,0.07,1.54,0.12,-0.50,1,Training data,,
1.67,0.16,-1.48,0.48,1.66,-0.90,-0.21,-1,Training data,,
-1.62,-1.61,-1.04,-0.62,0.34,-0.06,-1.11,-1,Training data,,
0.97,0.02,-1.23,-0.58,-1.61,0.29,0.70,-1,Training data,,
1.41,1.65,1.03,-0.81,-0.72,-0.66,-1.25,-1,Training data,,
0.76,-1.21,0.71,-1.45,1.56,-0.79,0.07,-1,Training data,,
-0.50,1.53,-0.66,-1.31,-0.34,-0.40,0.36,-1,Training data,,
-1.39,1.00,-1.29,1.63,-0.28,-0.61,0.10,-1,Training data,,
-1.41,-0.72,0.96,1.54,-1.04,1.04,1.17,-1,Training data,,
0.22,-0.61,0.34,1.40,-0.23,-0.95,1.30,-1,Training data,,
-0.25,-0.78,-0.98,1.68,0.90,0.48,-1.61,-1,Training data,,
-0.65,1.27,0.84,0.85,-0.61,1.71,-0.38,-1,Training data,,
-0.11,0.48,-0.73,0.44,1.11,0.06,1.45,-1,Training data,,
-0.26,0.94,1.34,0.44,-0.32,1.61,-1.24,-1,Training data,,
-0.25,-1.50,-1.17,1.40,0.16,0.24,-0.26,-1,Training data,,
0.54,0.41,-0.98,-1.45,1.34,-0.20,0.07,-1,Training data,,
-1.00,-0.89,0.02,-1.40,-1.09,0.92,-0.56,-1,Training data,,
1.69,0.96,0.34,0.07,1.37,1.15,1.25,-1,Training data,,
-1.12,0.76,1.40,1.54,-1.52,-1.42,-1.31,-1,Training data,,
-1.50,1.25,1.15,0.30,-0.56,-1.51,1.31,-1,Training data,,
0.27,-1.51,0.40,-1.31,1.02,1.68,-0.61,-1,Training data,,
-0.37,1.47,-1.54,0.34,-0.58,0.15,-1.48,-1,Training data,,
1.06,-1.44,-0.23,0.85,1.49,-0.17,0.58,1,Training data,,
-0.05,-1.51,-1.29,0.39,-0.41,1.44,-0.09,-1,Training data,,
0.02,0.32,-0.48,0.90,1.71,1.45,-0.42,1,Training data,,
-1.02,-1.68,-1.48,-0.76,-1.05,0.06,1.54,-1,Training data,,
0.17,-0.72,-0.48,-0.30,0.78,0.61,1.30,-1,Training data,,
0.77,0.26,-0.04,-1.08,0.37,1.29,-1.02,-1,Training data,,
-1.10,1.65,1.40,0.44,-1.57,-1.14,-1.51,1,Training data,,
-0.23,0.50,0.46,-1.17,-1.47,-0.22,-0.08,-1,Training data,,
1.30,-0.63,-0.48,-1.13,1.09,0.63,1.36,1,Training data,,
1.08,-1.02,-0.79,-0.71,-1.07,-1.41,0.19,1,Training data,,
-1.06,1.20,-1.48,0.48,1.15,-1.45,0.56,-1,Training data,,
1.63,-0.40,-0.66,-0.85,-0.47,0.29,-1.27,1,Training data,,
-0.06,0.91,-0.54,0.76,-0.86,-0.17,0.76,-1,Training data,,
-0.48,-0.50,-0.98,-0.62,-1.04,0.98,1.08,1,Training data,,
-1.09,-0.39,-1.35,0.48,-0.75,-1.13,1.10,1,Training data,,
-1.19,-0.02,-1.67,1.26,0.35,-0.88,-0.64,-1,Training data,,
-0.05,-0.17,-1.48,0.30,-1.60,1.58,0.54,-1,Training data,,
-1.34,0.86,-0.16,0.39,1.14,-0.23,-0.06,1,Training data,,
-1.47,1.15,-0.04,1.03,0.83,0.43,0.47,-1,Training data,,
0.13,-0.64,0.09,1.22,0.61,-1.74,0.77,-1,Training data,,
0.66,-1.52,-0.98,-1.45,0.58,0.80,-1.25,-1,Training data,,
-0.08,1.07,-0.48,1.45,0.79,1.38,-1.09,-1,Training data,,
1.52,-1.02,0.59,1.45,-0.19,1.05,0.24,-1,Training data,,
-0.55,-1.49,1.34,0.44,-1.71,-0.44,-1.33,1,Training data,,
-1.21,1.29,1.03,-0.48,-0.93,-0.87,0.50,-1,Training data,,
-1.55,-1.73,1.46,1.54,-0.32,0.97,-0.88,1,Training data,,
0.95,-1.18,-0.98,0.57,-1.26,-0.12,-0.48,-1,Training data,,
0.70,-0.41,0.34,-0.02,0.54,-0.75,1.70,-1,Training data,,
-1.28,1.41,0.71,-1.36,-1.28,-1.13,0.51,-1,Training data,,
-1.17,-0.94,-1.04,-1.63,-1.32,-0.10,-0.01,-1,Training data,,
0.38,0.75,-0.85,0.48,-1.22,-0.57,0.43,1,Training data,,
-0.67,-1.64,-0.04,1.45,-0.54,-1.44,1.64,1,Training data,,
-0.70,-1.01,-0.66,0.34,-0.06,1.76,-0.45,1,Training data,,
1.27,0.62,0.02,-0.35,0.48,-1.15,0.13,-1,Training data,,
0.28,-0.64,1.59,-0.67,1.76,0.83,1.44,-1,Training data,,
-0.32,-0.22,1.72,0.62,0.05,0.45,1.57,1,Training data,,
0.89,0.66,0.46,0.30,-1.32,1.29,1.27,-1,Training data,,
-0.05,0.22,0.96,0.53,0.53,-0.09,-0.75,1,Training data,,
0.30,0.27,-1.23,0.57,-1.11,-0.01,0.63,1,Training data,,
0.05,-0.97,-1.54,0.44,0.21,-0.29,1.45,-1,Training data,,
0.55,0.47,1.28,-1.13,0.08,-0.92,0.68,-1,Training data,,
-1.11,0.09,-0.10,-0.25,0.52,-0.86,-0.19,-1,Training data,,
0.11,-1.66,0.71,-0.48,0.24,0.09,0.06,-1,Training data,,
-1.34,-0.54,-0.66,-0.71,-0.45,0.54,1.10,1,Training data,,
1.06,-1.37,-0.85,1.63,1.71,-0.59,-0.53,-1,Training data,,
0.28,-0.22,0.53,1.45,0.80,0.45,-0.67,-1,Training data,,
-1.25,1.48,0.90,1.59,-0.96,-0.26,-0.46,1,Training data,,
-1.18,-1.51,-0.66,-0.30,-0.61,0.93,1.45,-1,Training data,,
1.05,-1.21,-1.48,1.36,-1.38,-0.08,1.57,-1,Training data,,
0.74,1.51,1.03,-0.67,-1.33,-0.72,-1.49,-1,Training data,,
0.12,-0.26,1.03,-0.30,0.28,-0.70,-1.25,-1,Training data,,
1.62,1.23,-0.16,-0.99,1.56,-1.08,0.08,1,Training data,,
1.59,0.69,-1.29,-0.58,-1.49,0.39,-0.46,-1,Training data,,
1.52,0.75,0.28,1.54,-0.96,0.05,-0.12,-1,Training data,,
0.41,-1.52,0.09,-1.59,1.36,-0.68,0.87,-1,Training data,,
-1.13,1.41,0.78,-0.94,-1.69,0.50,-1.15,-1,Training data,,
1.34,0.80,0.15,-1.31,-0.19,-0.41,-0.96,1,Training data,,
-1.01,0.85,-0.35,-1.63,1.70,0.51,-1.44,1,Training data,,
-1.49,1.24,1.40,0.44,-1.03,-1.56,0.55,1,Training data,,
0.60,0.14,-1.23,0.85,-0.39,-0.14,0.01,-1,Training data,,
1.47,-0.55,0.59,1.68,-1.71,0.55,0.01,-1,Training data,,
-0.94,0.94,0.90,-1.31,1.06,1.64,0.26,-1,Training data,,
0.43,-0.08,1.65,0.94,-0.08,0.62,1.36,-1,Training data,,
0.22,1.04,1.03,0.34,-1.22,1.56,0.33,-1,Training data,,
-0.50,-0.60,1.34,1.45,1.60,0.76,1.73,-1,Training data,,
0.47,-1.73,-1.23,1.49,0.26,0.80,-1.65,-1,Training data,,
1.55,0.09,-0.85,1.08,1.10,-0.10,-1.09,-1,Training data,,
0.70,0.02,1.15,-0.71,0.37,0.06,-1.00,-1,Training data,,
-1.32,-0.27,-1.42,-1.40,1.43,-1.18,-1.03,-1,Training data,,
-1.58,0.84,1.21,0.76,-0.30,0.76,0.93,-1,Training data,,
0.51,1.63,1.03,-1.08,-1.04,0.08,-0.65,1,Training data,,
0.33,-0.85,-0.48,1.17,-0.08,-1.05,-0.58,-1,Training data,,
1.29,-1.47,0.21,-0.81,0.97,-1.53,-0.05,-1,Training data,,
0.24,1.44,0.28,-0.44,0.49,-0.21,-0.64,1,Training data,,
-0.20,0.95,-0.48,1.72,-1.59,-0.91,0.44,1,Training data,,
1.40,0.37,1.03,0.99,-1.28,1.18,-0.36,1,Training data,,
-0.25,-0.93,-0.48,0.57,-0.38,-0.94,-1.02,-1,Training data,,
-0.98,-1.13,-0.54,-1.04,-1.19,0.95,0.05,-1,Training data,,
0.43,-1.16,-0.41,-0.81,1.60,-1.60,1.13,-1,Training data,,
-0.39,0.60,1.59,-0.76,0.66,1.21,-1.09,-1,Training data,,
0.97,0.05,-0.04,-0.02,0.68,1.07,1.60,-1,Training data,,
0.76,0.46,1.59,1.63,-0.55,-1.59,0.99,1,Training data,,
-0.52,-0.93,-0.54,0.71,0.04,0.98,-1.39,-1,Training data,,
0.43,-0.83,0.96,-0.99,-1.36,-1.06,-1.27,-1,Training data,,
0.68,0.74,-1.54,-1.36,0.82,0.23,-0.20,1,Training data,,
-0.37,-0.34,-1.48,0.30,0.44,-0.17,1.55,-1,Training data,,
-0.72,0.33,0.15,0.90,-0.55,-0.15,-0.86,-1,Training data,,
-1.17,0.23,-1.29,1.17,0.53,1.11,0.07,-1,Training data,,
1.40,-1.18,-1.48,-1.36,0.08,1.64,1.36,-1,Training data,,
1.12,0.74,1.21,1.31,0.97,1.13,-1.58,1,Training data,,
-0.80,-1.55,-0.29,0.99,0.07,0.28,-1.59,1,Training data,,
0.49,0.05,0.02,1.03,-0.31,-1.60,-1.00,-1,Training data,,
-0.51,-1.01,0.09,0.21,0.48,-1.72,-1.43,-1,Training data,,
0.87,0.08,0.65,1.31,0.01,-0.57,0.70,-1,Training data,,
1.04,-0.93,0.84,1.22,-0.34,-1.19,-0.81,-1,Training data,,
-0.42,0.98,-0.79,-0.71,-1.12,1.38,0.17,-1,Training data,,
-0.85,-0.34,0.40,-1.63,-0.94,-1.20,-0.05,-1,Training data,,
-1.41,-0.78,0.53,-0.25,1.72,-1.20,-0.90,-1,Training data,,
1.54,0.02,1.72,1.72,-0.60,-1.03,0.22,-1,Training data,,
-0.53,-0.32,-0.10,-0.99,0.45,1.19,-0.39,-1,Training data,,
0.91,1.12,-1.48,-1.40,1.54,-0.80,0.92,-1,Training data,,
-1.26,1.00,-1.48,-1.40,-1.72,-1.38,0.24,1,Training data,,
-1.02,-1.18,0.90,0.67,-1.24,-0.95,-1.07,-1,Training data,,
1.10,-0.53,-0.16,-1.36,-1.25,1.09,1.66,-1,Training data,,
-0.63,0.75,-0.98,1.13,-1.38,0.24,-1.30,-1,Training data,,
-0.11,0.31,0.53,1.13,0.86,-0.10,-1.38,-1,Training data,,
1.26,0.93,-1.67,0.85,0.69,-1.51,-0.14,-1,Training data,,
1.17,-0.21,1.72,-0.94,1.69,0.02,-0.74,-1,Training data,,
0.50,-0.58,0.59,-0.76,1.08,-1.73,-0.75,-1,Training data,,
1.55,0.27,1.21,-0.48,-0.44,0.58,1.45,-1,Training data,,
-0.18,0.72,-0.48,-1.13,1.17,-1.21,1.16,-1,Training data,,
-0.98,-0.37,-0.29,-1.40,-1.63,-0.80,0.00,-1,Training data,,
-0.32,0.52,-0.91,0.30,-0.86,0.69,0.72,1,Training data,,
-1.17,-0.69,1.34,-0.25,-0.29,0.20,-1.15,-1,Training data,,
0.42,0.62,1.59,-0.71,-0.31,0.58,-0.25,-1,Training data,,
-1.03,-0.17,1.53,1.54,1.37,-0.06,1.52,1,Training data,,
-1.39,0.57,-0.16,-1.31,-0.79,-0.94,0.19,-1,Training data,,
1.39,-0.11,0.96,-0.94,-1.58,0.67,1.74,-1,Training data,,
0.62,-0.88,0.40,-0.48,-0.76,1.15,-0.76,1,Training data,,
-0.51,0.65,-0.48,-1.04,0.84,-0.06,0.25,-1,Training data,,
0.62,1.23,1.21,0.85,-0.10,0.44,-0.98,-1,Training data,,
-1.25,-0.41,1.72,-0.71,-0.34,1.05,-0.77,-1,Training data,,
0.80,0.86,1.34,-1.45,1.58,-0.14,0.67,1,Training data,,
-0.83,-1.28,0.40,-0.53,1.67,-1.58,-0.27,-1,Training data,,
-0.76,-0.64,-0.66,0.30,0.87,-1.00,1.25,-1,Training data,,
-0.81,0.57,-1.23,-0.44,0.42,1.33,1.38,-1,Training data,,
0.46,-1.28,0.46,1.36,1.08,0.65,-0.28,-1,Training data,,
-0.29,0.35,-1.04,-0.07,1.46,1.12,1.08,1,Training data,,
-0.31,-1.06,0.53,-0.21,-0.91,-1.10,-0.37,-1,Training data,,
0.87,-0.53,-1.54,-1.08,1.26,-0.53,-1.07,1,Training data,,
-0.29,1.61,-0.23,-1.31,-0.65,0.76,0.14,-1,Training data,,
1.38,-0.13,0.34,1.08,0.66,1.39,1.38,-1,Training data,,
-0.39,-0.24,1.15,1.77,-0.35,1.60,-1.58,-1,Training data,,
0.32,-1.63,-0.29,-0.81,-0.67,-0.45,0.54,1,Training data,,
-0.78,-1.40,0.53,0.11,-1.29,0.88,-1.62,-1,Training data,,
-1.56,-1.44,1.40,-1.59,-0.86,0.76,-1.56,-1,Training data,,
1.36,-1.37,0.71,-0.21,-0.13,-0.23,1.76,1,Training data,,
-0.31,1.51,-0.16,0.85,1.14,0.77,-1.12,-1,Training data,,
-0.82,0.42,-0.10,1.40,0.83,-1.57,0.48,1,Training data,,
1.34,1.49,1.59,0.48,-1.42,-0.92,0.95,-1,Training data,,
-1.60,0.60,-0.23,0.07,0.69,-0.48,0.43,-1,Training data,,
0.48,1.04,-0.79,-1.13,-1.20,1.09,0.36,-1,Training data,,
0.55,0.48,1.28,0.80,0.68,-0.97,-0.40,1,Training data,,
-0.87,0.62,-0.79,0.34,1.40,0.94,-1.01,1,Training data,,
-1.52,0.02,-0.79,-1.40,0.35,0.73,0.27,-1,Training data,,
1.26,-1.01,-0.98,1.40,0.94,0.51,-1.42,-1,Training data,,
-0.71,-0.98,0.90,1.36,0.25,0.23,-0.27,-1,Training data,,
0.04,1.01,-0.35,-0.12,0.18,1.04,1.43,-1,Training data,,
1.26,0.09,1.72,-0.16,-1.12,-0.74,1.22,-1,Training data,,
-0.18,1.37,-1.67,-1.45,-0.71,0.20,0.19,-1,Training data,,
-1.57,0.09,-0.73,-0.85,1.60,0.25,0.92,-1,Training data,,
-0.79,-0.56,0.15,1.49,-1.29,-1.33,-0.44,-1,Training data,,
0.45,-0.48,-1.04,0.44,0.71,0.88,-0.65,-1,Training data,,
-0.46,1.05,-0.35,-0.12,-0.95,1.52,-1.15,-1,Training data,,
1.10,0.37,-0.10,1.68,-1.53,-0.52,-0.92,-1,Training data,,
-1.54,-0.40,0.40,-1.45,0.15,-0.78,-1.20,1,Training data,,
1.60,1.07,1.09,-0.39,-0.55,0.26,-0.08,1,Training data,,
-0.09,0.02,0.02,-1.04,1.43,0.34,-1.28,-1,Training data,,
-1.30,0.52,-0.73,-0.16,1.51,-1.55,0.08,-1,Training data,,
-0.16,-1.74,-1.35,0.25,-0.92,1.70,1.58,-1,Training data,,
-1.40,-0.10,0.78,-1.04,0.16,0.11,1.49,-1,Training data,,
-0.44,0.29,-0.10,0.07,0.05,-1.13,0.29,-1,Training data,,
-1.07,-1.09,0.46,-1.17,-1.06,-0.83,0.16,-1,Training data,,
0.49,0.43,0.84,0.71,0.88,0.40,0.72,1,Training data,,
1.35,0.36,-0.85,-0.12,-1.19,1.72,1.17,-1,Training data,,
1.71,0.69,-0.73,-0.58,-0.89,0.67,1.51,-1,Training data,,
-0.05,-0.96,-0.41,-0.81,-1.61,-1.36,-1.62,-1,Training data,,
1.41,0.66,-0.60,0.48,-1.35,-0.68,0.31,1,Training data,,
1.12,-0.40,0.59,-1.26,-0.54,1.45,-0.56,1,Training data,,
0.15,1.55,0.09,0.44,-0.88,-0.73,0.29,1,Training data,,
-0.92,-1.61,-1.23,-0.48,-1.08,0.47,0.05,-1,Training data,,
0.95,-0.97,-0.73,-1.04,-0.59,-1.62,-0.99,-1,Training data,,
1.55,-1.33,1.59,-1.31,1.76,0.35,-0.88,-1,Training data,,
-1.10,-1.68,-0.29,-0.99,-1.32,0.50,1.49,-1,Training data,,
-0.10,1.47,-0.29,-1.49,0.63,1.51,-1.38,-1,Training data,,
0.33,0.76,1.65,-1.45,1.63,0.57,-0.64,-1,Training data,,
0.70,0.45,-1.29,0.62,-1.14,-0.17,1.54,1,Training data,,
-1.30,1.56,0.53,-0.94,-1.05,-0.42,0.61,-1,Training data,,
0.73,-0.06,0.78,0.85,-0.62,-1.50,1.54,-1,Training data,,
1.54,-1.15,-0.66,0.57,1.71,-1.07,0.17,1,Training data,,
-0.60,1.47,0.15,0.76,-0.99,-1.09,-0.84,-1,Training data,,
-0.26,1.12,-0.29,1.17,-0.92,1.16,-0.51,1,Training data,,
1.61,-1.64,1.15,-0.25,-1.34,1.28,1.06,1,Training data,,
-0.94,1.38,-1.35,0.62,0.46,-0.34,-1.62,-1,Training data,,
0.04,0.66,-0.16,1.77,-1.17,0.28,1.27,-1,Training data,,
-1.27,1.01,-0.29,-0.12,1.43,-0.06,1.76,1,Training data,,
-1.03,0.84,-1.73,1.49,-1.33,-1.32,-1.56,-1,Training data,,
-0.88,-0.87,1.21,-1.13,0.12,-1.66,1.20,1,Training data,,
-1.20,-0.37,0.65,0.94,-1.30,-0.12,-1.52,1,Training data,,
-1.31,0.72,-1.23,1.72,1.06,1.66,1.32,-1,Training data,,
-1.12,0.70,0.71,-0.99,0.83,0.49,1.04,-1,Training data,,
-1.19,0.33,0.09,-0.71,0.59,-1.38,-0.43,-1,Training data,,
-0.78,0.12,0.53,0.02,0.53,-0.22,0.27,1,Training data,,
-1.45,1.61,-0.73,1.22,-0.65,-0.20,-0.19,-1,Training data,,
-1.37,1.31,1.28,0.57,1.58,0.40,0.12,-1,Training data,,
1.39,-0.50,1.65,0.34,0.87,1.72,0.00,-1,Training data,,
-1.27,-0.19,-1.48,0.21,-1.75,0.46,-1.30,-1,Training data,,
-1.46,0.38,-1.73,1.17,1.39,1.51,1.27,1,Training data,,
0.59,-1.66,-0.41,1.68,-0.08,1.02,-1.00,1,Training data,,
0.84,-0.60,1.59,0.90,1.61,0.27,-1.02,-1,Training data,,
-0.97,1.19,0.78,1.59,-0.35,-0.86,1.33,-1,Training data,,
-1.34,0.48,1.28,-0.16,1.43,0.65,0.31,-1,Training data,,
0.74,1.62,1.28,0.39,0.66,1.66,-0.63,-1,Training data,,
-0.76,1.27,1.21,0.85,-0.31,0.43,0.73,1,Training data,,
0.51,1.12,-0.98,1.40,-0.94,-0.95,-1.50,-1,Training data,,
-1.02,0.66,0.09,0.48,0.51,-1.08,-0.12,-1,Training data,,
0.54,-0.40,-0.98,0.44,-1.09,1.63,-1.23,-1,Training data,,
1.47,-1.71,-1.10,0.30,0.49,-1.20,0.13,-1,Training data,,
0.30,-1.02,1.40,-0.85,-0.49,0.70,0.23,-1,Training data,,
-1.39,-0.70,-0.41,-0.90,-0.52,-1.03,0.22,-1,Training data,,
-1.34,1.20,-0.16,-1.54,0.20,0.08,1.56,-1,Training data,,
1.36,0.36,1.09,1.03,0.36,-1.16,-0.96,-1,Training data,,
0.73,0.57,-0.48,0.94,1.44,0.24,-1.03,-1,Training data,,
0.21,1.55,1.40,0.44,-0.37,0.26,-1.14,-1,Training data,,
0.46,0.42,-1.35,-0.39,-0.23,-0.26,0.81,-1,Training data,,
-0.42,-0.60,-1.60,-1.26,-0.30,-0.32,0.45,-1,Training data,,
1.31,-1.71,0.34,1.03,0.58,1.66,1.22,1,Training data,,
1.39,-1.25,0.02,0.39,0.87,-1.75,-0.90,1,Training data,,
-0.74,1.24,-1.73,-0.76,0.20,1.50,1.69,-1,Training data,,
-1.13,-0.68,-0.23,1.54,1.17,-0.45,-0.70,-1,Training data,,
-1.24,-1.47,0.21,1.54,0.59,-1.43,0.18,-1,Training data,,
0.82,-0.30,1.28,1.31,0.28,0.06,-1.57,-1,Training data,,
0.92,1.25,-0.54,-1.45,1.26,0.90,0.81,-1,Training data,,
-0.82,-1.23,0.90,-1.54,0.59,1.20,0.33,-1,Training data,,
0.17,0.79,1.15,0.07,-0.42,-0.12,-0.40,-1,Training data,,
1.13,0.07,-0.23,-0.07,-1.69,-0.63,1.47,-1,Training data,,
-0.43,0.60,0.02,0.21,1.46,-1.70,-0.58,-1,Training data,,
0.27,-0.61,1.53,0.34,1.63,1.54,0.60,-1,Training data,,
-1.34,-1.61,0.90,0.94,0.37,1.67,-1.49,-1,Training data,,
0.89,1.43,-0.41,-1.63,-1.14,-0.64,0.05,1,Training data,,
1.20,-1.41,-0.48,-1.31,0.36,-0.15,-1.05,1,Training data,,
-0.55,-1.16,0.09,1.17,-0.46,-0.95,1.04,-1,Training data,,
0.18,-0.11,1.65,0.57,-0.96,0.61,0.55,1,Training data,,
-1.47,-0.29,-1.67,0.21,-1.04,-1.25,1.17,1,Training data,,
0.23,-0.82,-1.67,-0.67,-0.68,1.04,-1.65,-1,Training data,,
1.48,-1.12,-1.17,-0.48,1.63,1.70,-0.21,1,Training data,,
-1.60,0.02,-1.35,-1.63,1.58,-0.57,0.94,-1,Training data,,
1.31,-0.87,-0.23,-0.81,0.25,-1.75,-0.83,-1,Training data,,
0.96,-0.74,0.90,0.76,-0.61,0.18,1.58,-1,Training data,,
1.52,-0.80,0.09,1.17,0.26,1.24,1.57,-1,Training data,,
0.06,-0.01,0.21,0.39,-1.55,1.64,-0.31,-1,Training data,,
-1.55,0.90,1.03,-1.63,-0.85,-0.29,-1.01,-1,Training data,,
1.29,0.23,-1.23,1.36,-0.55,0.46,0.74,1,Training data,,
-0.48,-0.48,0.02,-1.13,0.74,-0.83,1.36,-1,Training data,,
-0.73,1.03,-0.54,-0.07,1.02,1.39,1.11,-1,Training data,,
-1.12,-1.23,0.71,-0.94,-1.39,-0.84,1.17,-1,Training data,,
-1.25,1.65,0.65,-0.99,0.52,-0.71,0.07,-1,Training data,,
-1.25,-1.20,1.09,-0.39,-1.55,-0.98,0.38,-1,Training data,,
0.92,-1.23,0.96,-1.63,-0.28,-1.18,-1.34,-1,Training data,,
0.56,-1.20,-1.67,-1.08,0.17,-0.62,-0.31,-1,Training data,,
-0.41,1.56,-1.54,-0.53,1.17,0.77,-1.34,1,Training data,,
-0.82,0.66,0.59,1.03,0.72,-0.80,-1.19,-1,Training data,,
1.05,-0.54,-1.10,-0.76,1.37,0.52,0.26,-1,Training data,,
-1.06,0.75,-0.35,-1.68,-1.63,1.62,0.30,-1,Training data,,
1.07,0.16,1.15,1.08,-0.69,0.17,0.04,1,Training data,,
-0.47,-1.40,0.09,0.30,-0.66,1.66,1.26,1,Training data,,
0.85,-1.41,-0.16,-1.04,-0.28,-1.28,-0.21,1,Training data,,
-0.80,-1.16,-0.66,-0.16,0.60,-1.40,-1.07,-1,Training data,,
-1.36,-0.64,0.84,1.08,-1.38,-0.91,-1.56,-1,Training data,,
1.11,-0.58,-0.79,0.90,-0.81,-0.94,0.57,1,Training data,,
0.37,1.65,1.21,0.57,1.00,-0.23,1.24,-1,Training data,,
0.33,-0.31,-1.48,-0.35,0.45,1.68,-0.11,1,Training data,,
1.49,1.65,-0.73,-0.62,-0.63,-0.71,-0.26,1,Training data,,
0.84,0.48,-0.60,-1.54,1.35,0.52,-0.11,-1,Training data,,
1.50,0.51,0.90,-0.21,-1.49,-0.57,0.86,1,Training data,,
1.62,-0.55,-0.73,-0.76,1.40,0.51,1.05,-1,Training data,,
1.68,0.61,-0.85,1.08,-1.12,-0.55,1.66,-1,Training data,,
0.80,-1.30,0.15,1.13,0.19,-1.27,1.22,-1,Training data,,
0.12,-1.15,1.53,-0.39,-1.52,-1.75,1.62,-1,Training data,,
-1.35,0.93,-1.60,1.22,1.47,0.11,-0.24,1,Training data,,
-0.51,-0.69,-1.29,-0.58,0.59,0.22,-0.38,-1,Training data,,
-1.25,0.08,-0.41,1.40,-0.55,-0.92,-0.70,-1,Training data,,
1.69,-1.39,1.03,1.36,-0.26,-0.84,1.13,-1,Training data,,
0.40,-1.63,-1.04,-0.99,0.62,-0.71,0.47,-1,Training data,,
0.70,-0.07,-0.23,-0.99,-0.16,0.17,0.60,-1,Training data,,
0.02,1.42,-1.23,-1.08,-1.55,-1.01,-1.03,1,Training data,,
1.35,-0.37,0.78,0.71,-0.50,0.71,1.66,-1,Training data,,
0.73,-1.27,0.46,-0.53,-1.32,1.55,1.23,1,Training data,,
0.65,1.07,0.02,-0.21,-0.87,0.82,1.41,-1,Training data,,
-0.55,0.43,-1.29,0.85,1.03,1.39,1.52,-1,Training data,,
1.66,-0.41,1.34,1.22,-0.69,-0.49,1.56,-1,Training data,,
0.76,0.61,0.78,-0.90,0.50,-0.38,0.98,-1,Training data,,
-0.44,0.26,0.71,1.03,-1.00,1.40,-1.25,-1,Training data,,
1.06,-0.64,0.28,1.36,0.22,0.03,0.48,-1,Training data,,
0.23,1.19,-1.67,0.25,-0.37,0.91,-1.63,1,Training data,,
-0.92,-0.94,0.71,1.17,-0.75,1.75,-0.57,-1,Training data,,
0.59,-0.27,0.84,-1.59,1.63,-1.27,-1.12,-1,Training data,,
1.08,1.31,-0.10,-0.35,1.42,0.94,0.82,-1,Training data,,
-0.89,1.22,-0.10,1.22,1.61,1.21,1.54,-1,Training data,,
0.34,-0.70,-0.91,-1.54,1.38,-0.34,-0.25,1,Training data,,
0.87,0.88,-1.04,0.94,-1.64,1.17,0.27,1,Training data,,
0.26,1.12,-1.60,-0.30,1.49,-1.71,1.45,-1,Training data,,
1.38,0.72,-1.23,0.02,-0.25,-0.50,0.89,-1,Training data,,
0.38,-1.45,1.15,-1.59,-0.36,-1.26,0.91,1,Training data,,
-0.47,-1.61,0.78,-0.07,0.69,0.48,-1.01,1,Training data,,
-1.32,-1.52,-0.85,-0.62,0.91,-0.60,0.72,-1,Training data,,
-1.24,-1.45,-1.54,0.94,0.74,0.33,-0.76,-1,Training data,,
0.20,0.41,-0.04,-0.76,0.09,0.68,-0.07,1,Training data,,
0.18,-1.31,1.34,-0.94,0.77,-0.78,0.63,-1,Training data,,
1.72,0.33,1.15,1.08,-1.06,-1.31,1.42,-1,Training data,,
-0.79,-0.21,-0.41,0.48,0.05,-1.45,0.73,1,Training data,,
0.92,0.32,-1.04,-0.30,-0.06,1.17,-0.52,-1,Training data,,
-0.29,0.79,1.53,-0.02,0.32,1.62,-0.25,-1,Training data,,
0.80,0.66,1.46,-0.90,1.18,-0.25,-0.37,-1,Training data,,
-0.54,-0.16,-0.04,0.67,-1.55,0.01,-0.11,-1,Training data,,
0.59,-0.24,1.21,0.90,0.16,-0.24,-0.52,-1,Training data,,
-0.23,0.48,1.46,-0.62,-1.46,0.33,-1.15,-1,Training data,,
-1.24,-1.51,-1.73,-0.94,0.91,-1.64,0.12,-1,Training data,,
1.57,1.57,1.09,1.03,1.11,-1.58,-1.40,-1,Training data,,
0.84,0.89,1.65,1.68,0.17,-1.46,1.07,-1,Training data,,
-0.53,-0.06,-0.16,1.26,0.96,0.71,-1.39,-1,Training data,,
0.84,0.93,1.03,-1.54,0.90,1.09,1.61,-1,Training data,,
-0.99,-1.46,-0.73,-0.39,-0.32,0.57,1.49,1,Training data,,
-1.30,0.57,-0.79,1.26,0.31,1.06,-0.80,-1,Training data,,
-0.56,1.09,0.46,1.54,-0.92,-1.04,-0.28,1,Training data,,
-0.78,-1.52,-0.35,-1.26,1.50,1.38,0.51,-1,Training data,,
-1.24,1.47,0.96,-0.12,0.84,-1.65,-0.25,-1,Training data,,
1.16,0.17,0.53,-1.04,-0.55,-0.61,-1.37,1,Training data,,
1.15,0.66,0.71,-0.35,-0.48,1.34,-1.52,-1,Training data,,
-0.37,0.16,-0.10,1.26,-1.03,-1.14,0.94,-1,Training data,,
-1.31,0.23,-0.23,1.40,-0.35,1.33,-0.95,-1,Training data,,
0.31,1.42,0.90,1.54,-1.63,0.36,-1.14,-1,Training data,,
0.24,-0.01,0.09,1.22,1.54,-1.36,0.25,-1,Training data,,
0.00,-1.74,0.71,-0.30,0.85,1.64,-1.52,1,Training data,,
-0.34,-1.30,-1.60,0.53,0.60,1.73,0.32,-1,Training data,,
1.61,0.62,1.65,-1.40,1.77,-0.70,-0.18,1,Training data,,
-0.88,0.48,1.65,0.85,1.05,1.45,1.08,-1,Training data,,
0.70,-1.35,1.28,0.30,-0.09,-0.74,-0.02,-1,Training data,,
-0.35,1.43,0.65,1.31,0.90,0.43,-0.45,-1,Training data,,
-1.55,1.32,1.40,0.71,-0.98,-1.18,0.18,1,Training data,,
1.70,0.52,1.28,1.08,-0.05,-0.33,1.50,-1,Training data,,
-0.54,0.38,0.15,1.59,1.76,-0.55,1.18,1,Training data,,
0.83,1.23,1.40,-0.81,0.94,1.25,1.32,1,Training data,,
0.28,-1.54,-0.66,-0.35,-0.51,-0.30,1.20,1,Training data,,
-0.43,-1.01,1.65,-1.13,0.97,-0.07,0.22,-1,Training data,,
0.40,-0.08,0.84,0.67,-1.38,1.68,-1.38,1,Training data,,
-1.21,0.98,-1.73,1.68,-0.36,0.96,1.31,-1,Training data,,
-0.84,-0.99,-0.66,-1.26,1.15,0.37,1.08,-1,Training data,,
-1.60,1.00,-0.98,1.77,-1.26,-0.21,-0.61,1,Training data,,
-1.35,-1.33,0.96,1.68,1.60,-1.03,-0.25,1,Training data,,
-1.63,-1.33,-0.91,-0.44,-0.74,-0.20,0.11,-1,Training data,,
0.11,1.15,-1.48,0.90,0.83,0.36,-0.27,1,Training data,,
1.03,0.98,-0.73,-1.04,1.31,-0.42,-0.14,1,Training data,,
-0.02,0.12,0.96,-0.76,1.73,-0.74,-0.68,-1,Training data,,
1.27,0.91,-0.04,0.80,-1.23,-0.72,-1.46,-1,Training data,,
-1.12,1.53,0.96,1.54,-1.28,1.71,1.11,-1,Training data,,
1.25,-0.36,-1.17,-1.40,1.60,-0.89,-0.65,-1,Training data,,
1.04,-0.05,-1.48,1.03,-0.38,-0.56,-1.01,-1,Training data,,
-0.89,0.18,-1.10,-0.90,1.17,-0.05,-0.77,-1,Training data,,
1.38,1.51,0.02,-0.81,0.10,1.49,-1.30,-1,Training data,,
-1.52,-1.42,-0.04,1.03,0.53,0.16,0.23,1,Training data,,
1.31,1.27,0.96,-0.07,-1.35,0.64,0.25,-1,Training data,,
0.60,-0.99,0.65,1.22,-1.58,-1.21,-0.06,-1,Training data,,
1.05,0.86,-1.10,-1.40,1.70,-1.73,1.58,-1,Training data,,
1.47,0.41,-1.60,-0.62,0.65,-1.31,-1.28,1,Training data,,
-1.58,-1.13,1.21,0.39,-0.39,-0.55,-0.52,-1,Training data,,
-1.59,-0.82,-1.48,-0.25,-1.59,-0.79,0.30,1,Training data,,
0.43,1.53,-1.42,1.31,-0.35,0.44,0.01,-1,Training data,,
0.03,0.94,0.21,1.68,-0.74,0.32,-1.25,-1,Training data,,
-0.13,1.44,1.59,0.25,-0.03,-0.41,-0.23,-1,Training data,,
0.09,0.41,-1.10,-1.13,-0.19,-1.70,-1.50,-1,Training data,,
-0.97,-0.96,0.09,0.44,0.64,0.84,-0.64,-1,Training data,,
-0.95,0.75,1.28,1.17,-1.48,-0.91,1.41,1,Training data,,
1.62,1.62,-1.54,-0.67,-0.38,0.72,1.13,1,Training data,,
0.52,-0.02,1.34,-1.13,-1.07,0.45,0.45,1,Training data,,
-0.28,-1.03,1.59,0.48,0.24,0.74,0.77,-1,Training data,,
1.51,-1.07,0.02,0.71,1.78,-1.53,0.45,-1,Training data,,
-1.18,0.09,0.02,0.67,-0.68,1.45,-0.59,-1,Training data,,
1.10,-0.69,0.59,-0.71,-0.81,0.15,0.23,-1,Training data,,
-1.30,0.72,1.09,0.48,-1.68,1.06,-1.18,-1,Training data,,
-0.10,0.37,-0.73,0.71,0.95,0.15,-0.86,-1,Training data,,
0.30,-1.49,-1.60,-0.25,1.12,-0.78,-0.62,-1,Training data,,
-0.16,-1.47,0.02,0.80,-0.78,-0.59,-0.44,1,Training data,,
-1.07,0.59,1.28,-0.53,-1.19,1.28,-0.31,-1,Training data,,
1.05,0.47,-1.73,-1.17,-1.55,0.60,0.95,-1,Training data,,
0.80,-1.65,0.84,-0.67,0.25,-0.98,1.19,-1,Training data,,
1.60,1.04,0.71,-1.63,1.34,1.63,-0.76,-1,Training data,,
0.92,0.00,1.09,1.72,0.18,-1.46,1.56,-1,Training data,,
-1.17,-0.74,0.21,-0.21,-0.92,-0.24,1.25,1,Training data,,
1.25,-0.29,-1.23,1.17,-0.72,-1.45,0.02,-1,Training data,,
-1.46,-1.64,1.03,-0.16,-1.48,1.00,1.01,-1,Training data,,
0.49,-0.98,-0.48,0.67,-0.79,0.45,1.66,1,Training data,,
1.29,-0.36,-1.60,0.62,-1.21,1.26,-1.45,-1,Training data,,
-0.14,-0.79,1.28,-1.13,0.36,-1.25,0.45,-1,Training data,,
0.99,-1.18,1.40,0.16,0.63,-1.55,-1.67,-1,Training data,,
1.20,-0.24,-0.66,0.94,-0.41,0.26,0.87,-1,Training data,,
-0.71,0.51,-0.79,1.22,1.34,-0.92,-0.40,1,Training data,,
0.01,0.57,1.09,-0.21,-0.50,0.91,-1.48,1,Training data,,
-0.05,-0.19,-1.60,0.21,1.57,-1.75,-0.74,-1,Training data,,
-1.29,1.63,0.34,0.21,1.18,0.41,1.39,-1,Training data,,
-1.60,0.88,1.40,1.22,-0.06,-0.44,1.58,-1,Training data,,
-1.32,-1.71,-1.54,1.36,-1.56,1.38,0.77,-1,Training data,,
0.17,-0.12,0.90,1.08,0.06,-1.60,-1.42,1,Training data,,
-0.70,-0.08,-0.29,-0.35,-1.73,1.45,-0.48,-1,Training data,,
1.36,-1.06,-1.54,-0.02,-1.19,0.43,-1.51,1,Training data,,
1.23,0.29,-1.35,-1.22,-1.69,-0.42,0.11,-1,Training data,,
1.35,-0.22,-0.41,-0.21,0.24,1.46,0.77,1,Training data,,
1.55,-1.37,-1.23,-1.22,-1.75,-0.81,-0.48,-1,Training data,,
1.36,-0.84,-1.42,-0.81,-1.26,0.91,-0.77,-1,Training data,,
0.37,-0.27,1.46,-0.85,1.24,1.14,-1.62,-1,Training data,,
-0.66,-1.64,0.59,1.03,-0.95,1.26,-1.38,1,Training data,,
1.11,1.52,1.65,0.11,1.67,-0.20,-0.89,-1,Training data,,
-0.16,0.11,0.28,-0.81,-0.58,-0.28,-1.42,-1,Training data,,
0.34,-1.28,-0.35,-1.49,0.54,-0.01,-1.40,-1,Training data,,
1.36,1.61,-0.73,-1.31,-0.11,-1.24,1.00,1,Training data,,
-1.35,-1.63,-1.04,0.99,-1.58,0.85,-1.38,-1,Training data,,
0.68,0.09,-1.54,1.68,-0.43,-0.15,-0.63,-1,Training data,,
1.49,-1.30,-0.54,0.67,0.99,-1.27,0.70,-1,Training data,,
-1.56,-0.13,-1.10,1.63,0.96,0.56,0.56,1,Training data,,
0.93,0.76,0.09,0.39,1.28,-0.88,1.68,-1,Training data,,
-1.11,-1.60,0.02,-0.25,-0.50,0.81,-0.33,-1,Training data,,
-1.58,1.60,-1.48,-0.76,1.74,0.22,0.47,1,Training data,,
1.39,-0.65,-1.60,1.26,1.66,0.76,0.56,-1,Training data,,
-1.36,-1.27,1.59,0.76,-1.51,0.33,0.99,-1,Training data,,
0.55,1.61,0.02,-0.02,-0.57,-0.60,-0.43,-1,Training data,,
-1.55,-1.74,0.90,-0.39,-0.05,0.14,-1.00,-1,Training data,,
0.43,-0.30,0.59,0.80,-0.52,0.12,-1.44,-1,Training data,,
0.40,-1.39,0.90,1.13,0.08,0.52,1.08,-1,Training data,,
0.08,-0.87,-0.23,1.22,-1.76,1.24,-0.70,1,Training data,,
1.62,-1.16,-1.35,1.08,0.65,0.74,0.23,-1,Training data,,
-1.48,1.57,-1.35,1.40,-0.41,1.64,-0.84,-1,Training data,,
-0.56,0.51,0.59,0.90,1.75,-0.55,-1.49,-1,Training data,,
1.43,-1.61,0.53,0.16,-0.07,0.98,0.20,-1,Training data,,
-0.66,1.03,-1.23,0.53,0.24,1.66,1.68,1,Training data,,
-1.34,-1.21,-0.10,-1.49,0.39,-1.25,-0.81,1,Training data,,
1.29,0.62,-0.60,1.59,1.62,-1.39,1.54,-1,Training data,,
-1.28,-0.55,-0.35,-0.16,-1.67,-1.64,1.33,1,Training data,,
1.50,1.51,-0.16,1.68,-1.44,1.29,1.23,-1,Training data,,
-0.57,-1.32,1.15,-1.26,0.03,-1.48,-1.63,1,Training data,,
1.44,1.51,-1.17,-0.53,-1.35,0.00,0.61,-1,Training data,,
0.12,0.18,1.34,-0.30,1.42,-0.64,0.20,-1,Training data,,
-1.08,0.42,-0.79,-1.49,-1.11,0.95,0.74,-1,Training data,,
0.68,0.91,-0.79,0.62,0.31,1.35,0.25,1,Training data,,
0.45,1.52,-0.10,-1.04,-1.73,0.45,1.20,-1,Training data,,
-0.33,1.23,-1.54,-0.67,-0.72,1.52,-0.30,1,Training data,,
-0.36,-1.25,-0.66,-0.58,0.17,-1.20,-0.02,-1,Training data,,
1.45,0.53,-1.35,-1.36,-0.64,1.19,0.82,-1,Training data,,
0.08,1.41,0.65,-0.16,-1.15,-0.60,1.44,-1,Training data,,
-0.69,0.14,1.09,-0.48,1.20,0.61,-0.82,1,Training data,,
-0.98,0.47,0.59,-0.35,-1.69,0.01,-0.38,-1,Training data,,
-1.26,-1.47,-0.48,-1.08,-1.60,0.28,0.50,1,Training data,,
-1.16,0.62,0.71,0.76,0.77,1.44,-1.51,1,Training data,,
-1.43,1.24,1.40,0.34,0.89,-0.93,-0.80,-1,Training data,,
-1.21,-0.29,-0.91,-1.26,0.62,1.51,-1.03,-1,Training data,,
0.36,-0.67,-0.85,0.62,0.85,0.79,0.80,-1,Training data,,
0.34,-0.77,-0.60,-0.25,-1.43,0.94,-1.20,-1,Training data,,
-0.34,1.36,-1.67,1.08,-1.55,0.36,-1.46,1,Training data,,
0.23,-0.29,0.21,-1.17,0.57,-0.08,0.20,-1,Training data,,
-1.29,-1.18,-0.54,-1.45,-1.33,-0.91,0.67,-1,Training data,,
0.37,1.12,1.59,-0.21,-1.63,0.26,-1.56,1,Training data,,
-1.39,-0.54,-1.17,-0.81,0.63,1.48,-1.32,-1,Training data,,
0.02,-1.65,1.21,-1.49,1.47,-0.32,-1.08,-1,Training data,,
0.42,1.03,-1.54,-0.53,-1.15,-1.31,-1.51,1,Training data,,
1.38,1.24,-0.35,-1.49,1.36,-0.77,1.10,-1,Training data,,
0.13,0.31,0.15,-0.90,-0.18,1.72,-1.25,-1,Training data,,
1.19,0.85,0.46,-0.12,1.27,1.71,-1.51,-1,Training data,,
-0.37,1.41,0.71,-0.94,1.12,-1.60,-0.14,-1,Training data,,
-0.26,0.04,-0.79,-0.02,0.80,-0.79,0.81,-1,Training data,,
-0.81,-0.05,-1.54,0.62,1.13,0.03,-1.51,-1,Training data,,
-1.59,0.18,-0.91,-1.63,1.46,0.65,0.58,1,Training data,,
-1.50,-1.73,0.59,0.94,-0.65,-1.06,-1.50,-1,Training data,,
0.11,-1.60,-0.35,-0.62,0.61,-0.87,-1.19,1,Training data,,
1.16,1.47,1.40,-0.62,0.71,0.12,1.69,-1,Training data,,
-0.06,-0.88,-0.79,-1.17,-0.24,-1.66,1.76,-1,Training data,,
1.68,0.00,1.28,0.07,0.38,-1.40,-0.17,-1,Training data,,
0.19,1.32,1.15,-0.53,-1.10,-0.34,-0.02,-1,Training data,,
-1.52,-1.30,-0.79,1.36,-1.49,-1.12,-0.34,-1,Training data,,
0.87,0.57,-0.79,-1.68,0.00,0.85,-0.43,1,Training data,,
-0.84,-0.91,-0.29,0.53,0.66,1.47,-0.45,-1,Training data,,
1.62,0.96,-1.29,0.02,0.34,0.93,0.13,1,Training data,,
0.10,0.69,-1.42,-0.39,-0.07,-0.09,-0.39,1,Training data,,
-0.22,1.22,0.21,0.67,1.20,-1.02,-0.20,-1,Training data,,
0.79,-0.49,0.34,-0.85,-0.64,-1.75,1.23,-1,Training data,,
-0.69,0.27,1.03,0.71,0.03,-0.93,1.38,-1,Training data,,
0.49,0.27,0.53,-0.99,0.37,-0.77,-0.76,-1,Training data,,
-1.54,-0.35,-0.73,0.02,0.65,0.83,-1.51,-1,Training data,,
-0.47,0.42,1.03,1.17,-0.73,-1.40,-0.59,-1,Training data,,
0.11,0.43,0.78,1.49,-0.50,-0.68,0.18,-1,Training data,,
0.41,0.57,-0.85,0.85,-0.71,1.46,-0.59,-1,Training data,,
-1.62,-0.48,1.34,1.59,-0.72,-0.56,-1.17,-1,Training data,,
-1.15,-1.68,1.65,-0.99,-0.31,0.52,1.49,-1,Training data,,
0.05,1.27,0.21,0.80,0.94,-0.65,0.38,-1,Training data,,
0.34,-1.49,-1.04,-0.99,1.08,0.77,-0.13,1,Training data,,
-1.56,0.00,0.96,-1.04,1.22,-0.57,1.17,-1,Training data,,
-1.44,1.63,-0.48,0.25,1.11,1.33,-1.00,-1,Training data,,
1.02,0.91,-0.23,0.39,1.34,0.44,0.68,-1,Training data,,
0.37,-0.87,1.15,-0.39,-1.33,-1.60,0.89,1,Training data,,
0.46,1.65,0.78,-1.68,0.14,0.74,-1.00,-1,Training data,,
-1.45,0.99,-1.73,1.68,0.27,-0.24,-0.43,-1,Training data,,
1.43,-1.31,1.72,1.54,-0.43,1.36,-0.43,-1,Training data,,
0.10,-0.20,-0.23,-1.63,-0.39,-1.59,1.68,-1,Training data,,
-0.38,-1.59,-1.04,0.76,-0.36,0.01,-1.50,-1,Training data,,
-1.52,0.83,-0.98,-0.44,-1.25,-1.27,0.48,-1,Training data,,
-0.41,1.47,-0.91,-1.63,1.11,-0.52,-0.43,-1,Training data,,
0.95,-0.34,0.84,-0.90,0.20,-1.20,-1.43,1,Training data,,
0.79,-0.26,-1.17,0.25,-0.67,-1.26,-0.13,1,Training data,,
1.50,0.69,-1.48,0.16,-1.18,-1.30,1.63,1,Training data,,
0.95,0.32,-0.04,-1.45,0.17,-1.26,0.19,-1,Training data,,
-0.65,0.96,-1.42,0.16,-0.43,-0.41,-0.08,1,Training data,,
1.27,-1.69,0.02,1.13,0.45,0.73,1.07,-1,Training data,,
0.22,0.85,0.96,0.16,-0.49,0.68,-1.28,-1,Training data,,
-0.70,0.62,1.21,-1.49,-0.51,0.57,-0.37,1,Training data,,
-1.22,1.61,1.21,-0.16,-0.22,-1.45,-0.89,-1,Training data,,
1.27,1.14,0.96,-1.63,-0.32,1.22,-1.44,-1,Training data,,
1.41,0.84,1.09,-0.30,-0.38,1.71,1.74,-1,Training data,,
-1.41,0.74,-1.10,1.22,1.39,0.30,0.50,-1,Training data,,
0.55,0.93,-0.73,-1.40,1.25,-1.71,0.63,1,Training data,,
1.41,0.24,1.65,-0.85,-0.41,-0.64,0.08,-1,Training data,,
0.02,-1.25,-0.16,-1.54,0.83,-0.32,-0.78,-1,Training data,,
0.45,1.32,0.02,-0.12,1.78,0.48,1.61,1,Training data,,
1.63,-0.45,1.65,-0.99,-0.84,0.24,-0.93,-1,Training data,,
0.03,-1.47,1.59,1.54,-1.22,-1.73,-0.64,1,Training data,,
-1.36,-1.35,-1.04,0.30,0.17,-0.36,0.14,1,Training data,,
1.48,0.38,0.09,-1.08,1.56,0.28,0.41,-1,Training data,,
-0.59,-0.96,-1.48,-0.21,-0.59,-0.04,-1.32,1,Training data,,
-0.43,0.29,-0.91,0.48,1.13,1.26,-0.64,-1,Training data,,
0.09,1.13,1.65,0.53,-1.21,-1.59,-1.25,1,Training data,,
0.39,-0.35,-0.54,-0.35,-1.04,1.57,-0.31,-1,Training data,,
-1.12,-0.20,-1.23,-1.26,-0.05,0.92,-0.73,-1,Training data,,
-1.18,-0.25,0.02,0.62,0.45,-0.58,-1.21,-1,Training data,,
-0.20,-1.12,0.46,-1.31,-1.48,-0.85,1.25,-1,Training data,,
-0.42,-0.11,-1.10,0.11,0.60,0.64,0.51,-1,Training data,,
-0.54,-1.47,1.15,-1.13,-1.62,-0.20,-1.17,-1,Training data,,
-0.35,-1.69,0.28,0.62,-1.09,0.61,0.66,-1,Training data,,
-1.22,0.09,1.21,-1.08,1.31,0.92,0.36,1,Training data,,
-0.73,0.26,1.03,0.39,-0.12,0.97,-0.30,1,Training data,,
-0.44,0.14,-0.85,0.48,-0.77,-0.86,-1.56,-1,Training data,,
1.01,-0.13,-0.85,-0.39,1.17,0.09,-0.78,-1,Training data,,
-0.08,-1.52,1.53,-1.26,-0.01,1.76,1.25,-1,Training data,,
-1.36,1.56,0.15,-0.48,1.34,-0.15,-0.76,-1,Training data,,
0.03,1.23,0.71,-1.49,-1.77,0.12,0.98,1,Training data,,
-1.04,0.29,0.71,1.68,-0.34,1.02,-0.14,-1,Training data,,
-1.17,-0.01,-1.48,-1.45,1.48,-1.08,-0.52,-1,Training data,,
-1.52,1.24,1.09,-0.39,0.54,1.34,-1.11,1,Training data,,
1.41,0.19,-0.54,-0.39,1.09,-0.32,-0.58,-1,Training data,,
1.22,-1.13,0.84,-0.81,-0.25,-1.26,0.62,1,Training data,,
-1.01,-1.36,0.84,-1.59,0.62,-1.58,-1.17,1,Training data,,
-0.63,0.18,-0.66,0.16,1.19,0.94,1.33,-1,Training data,,
1.68,-0.77,-0.60,0.67,1.25,-1.74,-0.87,-1,Training data,,
1.11,-1.69,1.28,-0.76,0.38,-1.48,-0.09,-1,Training data,,
-1.26,-0.50,1.59,-0.48,-0.20,0.89,0.25,1,Training data,,
0.58,1.22,0.34,0.94,0.63,-0.34,0.19,-1,Training data,,
0.69,-1.63,-1.54,-0.30,-1.52,0.53,-0.46,-1,Training data,,
0.85,-1.50,0.46,-1.45,-0.20,0.04,0.04,-1,Training data,,
-0.10,-0.94,-0.73,-1.40,-0.84,-1.22,0.39,-1,Training data,,
-1.48,-0.11,0.53,-1.40,1.40,0.20,1.24,1,Training data,,
-1.04,0.80,-0.73,-0.35,-1.21,-0.25,1.48,1,Training data,,
0.06,-0.39,-1.67,0.99,-0.55,0.64,0.64,-1,Training data,,
1.30,-1.46,0.34,0.57,-0.63,1.04,-0.70,-1,Training data,,
0.93,-0.41,-0.29,0.62,0.94,-0.77,0.43,-1,Training data,,
-0.24,0.71,-1.17,1.08,-0.80,0.20,-0.39,-1,Training data,,
-0.92,0.02,0.78,0.76,0.74,1.23,-0.26,1,Training data,,
0.12,-1.07,-1.73,-1.45,-0.72,-1.30,1.36,1,Training data,,
-1.13,1.47,0.28,-1.13,-1.13,1.31,1.45,1,Training data,,
1.04,0.93,0.15,0.57,-0.57,-1.68,-0.20,-1,Training data,,
0.05,1.20,0.46,-0.94,1.03,0.82,-1.67,-1,Training data,,
-1.59,-0.49,-0.35,0.16,1.63,-0.30,1.47,-1,Training data,,
-0.89,0.96,1.59,0.71,-0.94,0.90,-0.48,-1,Training data,,
0.74,-0.08,-0.04,-1.49,-1.57,-0.25,-0.82,-1,Training data,,
-1.11,0.50,0.90,1.17,-0.81,-1.47,1.63,-1,Training data,,
-0.97,1.03,-0.85,-1.13,0.87,-1.19,1.63,1,Training data,,
-0.70,1.20,1.15,-0.12,1.00,-1.31,1.57,-1,Training data,,
-1.57,0.42,-1.04,1.63,1.08,-0.51,-0.58,-1,Training data,,
1.38,-1.11,-0.73,1.17,-0.71,-0.59,-1.68,-1,Training data,,
-0.72,-1.55,-0.79,0.94,-0.55,-0.32,1.11,-1,Training data,,
-1.35,0.66,-0.54,1.08,0.35,-1.68,-0.62,-1,Training data,,
-1.50,1.29,-1.29,0.62,-0.81,0.75,0.32,-1,Training data,,
0.88,1.56,0.71,-1.54,-1.42,0.24,-0.73,-1,Training data,,
-1.25,1.20,1.34,0.34,1.07,0.76,0.35,-1,Training data,,
-1.04,-0.98,0.84,-1.04,1.46,-1.33,-0.43,-1,Training data,,
-0.57,1.19,1.59,-1.45,0.71,-1.58,-1.68,-1,Training data,,
0.05,0.50,-0.48,0.62,-0.34,1.40,-0.01,-1,Training data,,
-0.20,-0.03,0.34,0.11,-0.50,-1.22,-0.94,1,Training data,,
-0.52,0.35,0.46,1.08,-0.43,0.73,1.68,-1,Training data,,
1.41,1.34,0.21,-0.76,-0.20,-0.46,-1.12,-1,Training data,,
-0.43,0.81,-1.29,0.02,-1.52,-1.52,1.51,-1,Training data,,
-0.74,-0.32,-1.67,-1.13,0.31,-0.36,-1.32,1,Training data,,
1.24,0.22,1.40,-0.21,0.36,1.75,0.10,-1,Training data,,
-0.59,1.27,-1.17,1.49,0.18,0.24,-0.58,1,Training data,,
-0.36,1.43,-1.29,-0.07,0.28,0.27,-0.96,-1,Training data,,
0.12,-0.99,0.28,1.68,-1.72,1.21,-1.51,1,Training data,,
0.24,1.27,1.53,0.07,1.38,0.38,-1.67,-1,Training data,,
0.49,-0.61,-0.54,-0.62,0.18,-0.62,-0.83,-1,Training data,,
-0.01,1.52,1.40,1.36,0.68,0.91,0.18,-1,Training data,,
-1.55,0.75,0.96,-1.54,-0.70,-0.31,1.26,-1,Training data,,
0.57,1.49,0.71,0.11,-0.67,-0.72,1.07,1,Training data,,
1.34,1.63,1.09,0.34,1.26,0.26,0.76,-1,Training data,,
-0.94,-1.52,-1.54,1.17,1.24,1.30,-1.25,-1,Training data,,
-0.29,0.88,-1.67,1.17,1.14,0.28,1.52,1,Training data,,
1.11,-1.46,0.46,0.62,0.65,0.16,0.07,-1,Training data,,
0.47,-1.61,-1.67,-0.85,0.48,0.68,0.76,1,Training data,,
-0.50,-1.60,-1.35,-0.44,0.43,-1.05,0.70,1,Training data,,
-1.48,-1.08,0.40,1.26,0.19,-1.40,0.06,-1,Training data,,
0.17,0.45,-0.60,-0.94,0.17,-1.16,-0.95,-1,Training data,,
-1.31,-1.65,-0.29,0.57,-1.00,-1.76,-0.70,-1,Training data,,
0.48,1.56,1.40,-1.59,0.27,-0.85,-1.59,1,Training data,,
1.04,-0.59,-1.35,-0.39,1.18,1.36,0.13,1,Training data,,
-0.24,0.70,1.34,-1.45,-0.09,1.51,1.01,1,Training data,,
1.38,0.23,1.40,1.49,1.34,0.70,0.52,-1,Training data,,
1.52,-1.27,1.34,-0.48,-0.54,-1.41,0.98,-1,Training data,,
1.55,-0.43,0.28,-1.59,1.01,0.38,-0.23,-1,Training data,,
1.43,0.88,0.28,0.21,0.92,0.00,0.19,-1,Training data,,
1.08,1.18,-0.41,-1.63,1.63,-1.32,1.51,1,Training data,,
0.98,-1.31,-0.41,-0.35,0.43,-0.78,-1.44,1,Training data,,
-1.17,1.57,1.40,-0.76,1.29,1.44,-1.69,-1,Training data,,
-0.66,0.19,1.21,-1.63,-0.05,-0.06,-0.67,-1,Training data,,
1.63,0.27,1.21,-1.45,0.21,1.52,1.08,-1,Training data,,
-1.07,0.43,-1.67,0.99,1.58,1.46,1.30,-1,Training data,,
-0.38,1.04,1.34,-0.30,-0.41,-1.03,0.05,1,Training data,,
-0.75,1.46,-1.67,1.45,-0.18,1.59,-0.19,-1,Training data,,
-1.62,-0.82,-0.73,-0.16,-1.47,1.30,-0.30,-1,Training data,,
-1.43,-0.25,0.90,1.59,-0.29,1.46,-0.11,-1,Training data,,
0.50,0.09,-0.73,-0.58,0.32,1.38,1.00,1,Training data,,
1.23,0.35,-1.35,0.48,1.68,-0.10,-1.39,1,Training data,,
1.68,-0.92,0.65,-1.45,-1.07,-1.37,1.69,1,Training data,,
-0.51,-0.45,-0.48,-0.02,-1.06,-0.02,0.76,-1,Training data,,
-1.46,-0.27,1.65,0.67,-1.51,-0.52,0.88,1,Training data,,
-0.79,-0.17,1.65,-1.63,0.21,0.33,0.05,1,Training data,,
0.88,1.03,-0.91,-1.26,-0.41,1.62,1.52,-1,Training data,,
1.60,1.66,0.40,-1.08,0.63,-0.83,1.11,-1,Training data,,
0.37,-1.54,0.02,0.80,-0.14,1.65,-0.89,-1,Training data,,
1.55,0.32,1.21,1.26,0.31,-0.86,1.26,-1,Training data,,
-0.31,0.89,-0.98,-0.53,-0.37,0.81,1.64,1,Training data,,
-1.59,-0.54,-0.29,0.21,-1.45,1.59,-0.58,-1,Training data,,
0.32,0.50,0.21,0.39,-1.29,-0.66,-0.76,-1,Training data,,
1.68,-1.44,0.15,0.16,1.19,-1.01,-1.62,-1,Training data,,
-0.65,0.35,0.15,-1.17,-1.24,1.46,1.10,1,Training data,,
0.34,-0.31,-0.73,0.80,1.43,-1.69,-0.46,1,Training data,,
-1.02,1.41,-0.29,-0.53,-0.84,-1.03,0.92,1,Training data,,
-0.09,-0.96,-1.29,-0.02,1.56,-1.64,1.36,-1,Training data,,
-1.20,0.04,0.90,-1.45,-1.46,-0.12,0.41,-1,Training data,,
1.54,0.72,-0.54,-1.45,1.13,0.31,1.62,-1,Training data,,
0.48,-0.35,-0.73,-0.90,-1.09,0.34,-0.34,-1,Training data,,
-0.41,1.07,0.53,-0.16,0.06,0.40,-1.15,1,Training data,,
1.51,0.84,0.65,1.13,-0.61,0.13,-1.01,-1,Training data,,
0.38,-0.91,-1.48,0.67,0.65,-1.13,0.48,-1,Training data,,
0.15,-0.08,1.34,-0.48,1.00,-0.26,0.29,1,Training data,,
0.84,0.98,-0.23,1.22,-0.66,-0.50,0.64,-1,Training data,,
0.65,0.47,-0.73,1.63,0.54,1.43,1.43,1,Training data,,
-1.27,-1.65,0.28,1.59,1.31,0.71,1.44,1,Test data,,
0.32,-0.64,-0.16,0.34,-1.02,0.68,-1.01,-1,Test data,,
0.70,-0.41,1.21,-0.21,-1.52,0.01,0.14,-1,Test data,,
1.61,-1.49,0.34,-0.71,-1.21,-1.19,0.51,-1,Test data,,
-1.57,-0.99,-1.60,0.21,-1.64,-1.19,1.08,-1,Test data,,
-0.17,0.71,0.53,-0.30,1.49,-1.48,-1.09,-1,Test data,,
-0.72,-0.70,1.59,0.94,1.48,-1.49,1.19,-1,Test data,,
-0.33,-0.44,1.65,0.34,0.89,0.95,0.52,-1,Test data,,
1.30,-0.61,-0.66,-0.39,-0.89,-0.29,-1.33,-1,Test data,,
-1.38,-0.11,1.09,-0.90,1.22,-1.62,1.19,-1,Test data,,
-1.53,-1.23,-1.29,0.02,0.14,1.32,1.05,-1,Test data,,
-0.65,1.41,1.53,0.67,0.63,1.60,1.26,1,Test data,,
-1.36,0.57,-0.54,-1.49,0.83,-1.33,0.22,-1,Test data,,
-0.59,1.13,-1.73,0.85,1.74,1.54,-1.14,-1,Test data,,
-1.55,0.12,-0.04,0.76,-1.32,1.50,0.63,-1,Test data,,
1.51,1.09,-1.17,0.21,1.43,-1.07,0.38,-1,Test data,,
1.20,-1.54,-0.66,1.54,-1.77,0.50,-1.38,-1,Test data,,
0.70,-1.51,1.65,-1.08,-1.33,1.64,-1.36,-1,Test data,,
-1.04,-1.31,0.34,0.25,-1.60,1.65,0.87,1,Test data,,
-1.09,0.72,1.28,0.07,1.64,0.13,0.27,-1,Test data,,
1.22,-1.35,0.59,0.39,-0.56,0.69,-0.52,-1,Test data,,
-1.22,-0.84,0.59,-0.90,-1.72,1.13,-1.64,-1,Test data,,
0.74,-1.06,0.15,1.54,1.76,-1.67,-1.25,-1,Test data,,
-1.11,-1.47,-0.29,1.08,-0.32,-1.27,0.55,-1,Test data,,
0.60,-0.82,-0.79,-0.90,0.88,-0.52,-1.28,-1,Test data,,
1.11,-1.08,0.15,0.90,-0.53,-0.84,-1.68,-1,Test data,,
1.39,-0.58,0.59,1.59,0.01,0.93,1.01,-1,Test data,,
-1.28,-0.19,0.71,-0.90,0.59,1.62,1.54,-1,Test data,,
0.64,0.36,0.65,0.57,-1.14,-0.27,-1.51,-1,Test data,,
0.09,0.52,-1.73,-0.12,1.08,-1.12,0.61,-1,Test data,,
-0.38,-1.12,-0.85,0.62,0.27,-0.39,0.55,-1,Test data,,
-0.44,-0.32,-0.16,0.48,-0.87,-0.62,0.29,1,Test data,,
0.18,-1.57,0.02,0.25,0.91,0.92,-0.01,-1,Test data,,
1.13,0.65,-0.54,0.39,1.02,1.20,-1.30,-1,Test data,,
-0.13,-1.16,-0.10,-1.49,-0.89,0.45,-0.53,-1,Test data,,
1.02,-0.68,-1.17,0.94,-1.42,-1.10,1.73,-1,Test data,,
0.52,1.23,-1.29,-1.40,0.38,-0.34,1.66,1,Test data,,
-0.64,-0.51,0.21,-1.54,0.77,-1.47,-0.44,-1,Test data,,
0.29,0.61,-0.35,-0.39,-0.99,-1.32,0.37,1,Test data,,
-1.50,0.47,-0.41,0.90,-1.58,1.57,0.88,-1,Test data,,
-0.53,-1.33,-1.60,0.57,-1.68,-0.66,1.47,-1,Test data,,
-0.33,1.13,-0.48,1.26,1.61,1.64,-0.56,-1,Test data,,
1.42,1.31,-0.91,-1.31,-0.43,1.44,1.33,-1,Test data,,
0.83,-0.82,0.96,-0.71,0.10,1.07,-1.48,-1,Test data,,
1.15,0.98,0.90,0.67,0.40,-0.03,1.52,1,Test data,,
-1.54,-1.55,1.40,-1.36,0.48,-0.19,-0.48,-1,Test data,,
0.09,0.24,-0.35,-0.58,0.01,1.68,0.25,-1,Test data,,
-0.65,-1.61,-0.41,-0.62,-0.29,-0.53,-0.36,-1,Test data,,
0.14,1.44,0.21,1.77,1.57,-1.74,-0.17,-1,Test data,,
0.02,0.28,0.02,-0.44,1.01,1.15,0.86,-1,Test data,,
1.14,0.76,-0.66,-0.58,-0.49,-0.90,1.32,-1,Test data,,
1.38,1.14,1.46,1.54,-0.55,1.28,1.01,-1,Test data,,
-1.02,-0.16,0.96,0.62,1.28,-1.42,-1.30,1,Test data,,
1.68,0.36,-1.35,-0.16,-0.86,0.62,-1.05,-1,Test data,,
-0.19,-1.45,0.90,-1.59,-0.41,-1.33,-0.87,1,Test data,,
0.97,0.90,1.28,1.13,0.45,-0.17,-1.44,-1,Test data,,
0.89,1.10,-1.04,0.80,1.08,0.42,-0.02,-1,Test data,,
-1.32,1.17,0.65,-0.76,-1.58,-0.25,1.54,-1,Test data,,
0.46,-1.45,-1.48,1.36,-0.94,-1.40,1.64,1,Test data,,
-1.18,0.91,-1.54,-1.49,1.36,-0.85,-1.06,-1,Test data,,
-1.17,-0.35,-0.66,1.08,-0.56,0.30,-0.27,-1,Test data,,
-1.57,-0.83,0.96,-0.25,1.47,0.65,-0.59,-1,Test data,,
0.28,1.39,-1.29,1.54,-1.27,-0.01,-0.40,1,Test data,,
-0.89,-0.06,-1.67,1.17,-0.99,0.04,0.92,-1,Test data,,
0.20,1.22,0.15,-0.30,1.26,-0.59,1.12,-1,Test data,,
-1.38,0.62,-1.48,-0.12,-0.37,-0.27,-0.06,-1,Test data,,
0.54,1.55,-1.48,0.44,0.73,-1.64,1.30,-1,Test data,,
0.32,0.42,1.59,0.30,1.34,-0.82,1.55,-1,Test data,,
-0.11,-0.75,-1.60,-0.90,0.02,0.12,-0.30,-1,Test data,,
1.31,-0.12,-0.91,-0.16,-1.42,-1.54,-0.89,-1,Test data,,
0.95,0.99,-0.91,1.08,-0.91,-1.72,0.17,-1,Test data,,
-0.26,-0.40,1.21,0.80,1.66,-0.48,0.01,-1,Test data,,
-0.73,1.61,0.02,-1.36,-1.02,1.49,-0.53,-1,Test data,,
-1.37,1.20,0.71,0.80,0.81,0.49,-0.84,1,Test data,,
0.49,1.62,0.28,-0.25,0.69,-0.15,0.62,-1,Test data,,
-0.73,-1.02,1.53,-1.04,-1.30,-0.94,-1.40,-1,Test data,,
0.46,1.19,-0.10,1.72,0.93,0.51,1.36,1,Test data,,
-0.83,1.10,-1.10,-0.81,-1.77,-1.06,0.18,-1,Test data,,
-0.62,-0.59,-1.35,-0.21,1.71,0.41,0.77,-1,Test data,,
-1.03,-1.33,0.96,1.22,-1.58,-0.28,-1.43,1,Test data,,
0.87,0.74,-0.66,-1.08,1.28,-1.10,0.81,-1,Test data,,
-1.10,-0.98,-1.04,-0.85,0.01,1.28,-0.39,1,Test data,,
0.19,0.76,0.96,-0.76,-1.41,-1.65,1.05,-1,Test data,,
-0.47,-0.21,1.46,1.31,1.28,1.67,-0.24,-1,Test data,,
-1.45,-1.02,-0.04,0.71,-0.29,1.68,-1.55,-1,Test data,,
0.91,0.70,-1.54,0.90,-1.30,-0.66,0.79,1,Test data,,
-0.39,0.17,-0.23,-0.94,-1.25,1.13,-0.01,-1,Test data,,
0.03,0.56,0.71,0.34,-1.44,0.28,-1.32,1,Test data,,
1.06,-1.04,1.46,-0.48,-0.76,1.21,-0.02,-1,Test data,,
-0.22,-0.56,0.09,-0.81,1.15,-0.44,-0.19,-1,Test data,,
0.34,-0.74,-0.04,-0.44,1.46,-1.35,-0.88,-1,Test data,,
-1.29,0.85,-1.48,-0.90,-1.13,1.75,-0.08,1,Test data,,
1.38,1.56,1.28,1.36,-0.75,-1.55,1.22,1,Test data,,
-1.53,-0.67,0.09,-1.31,-0.11,-1.10,-0.21,-1,Test data,,
1.43,1.07,0.28,-1.13,0.25,-1.03,0.95,-1,Test data,,
0.49,-1.31,0.40,-1.59,-1.47,-1.63,-0.65,-1,Test data,,
1.31,1.43,-0.66,-0.81,-0.65,1.53,1.66,1,Test data,,
-0.89,1.60,-0.10,-0.35,1.06,1.75,1.52,-1,Test data,,
1.08,0.62,-1.35,-0.81,0.54,-1.10,-0.48,-1,Test data,,
0.87,-1.39,0.40,0.53,1.77,-1.54,1.58,1,Test data,,
1.31,-0.97,-1.48,-1.17,-0.14,1.18,0.94,-1,Test data,,
-0.08,0.31,0.02,0.57,0.85,-0.10,1.64,1,Test data,,
-0.82,0.81,-0.91,0.57,-1.72,-0.71,-1.58,1,Test data,,
0.40,-0.74,1.59,1.72,-1.09,1.11,-0.08,-1,Test data,,
-0.80,-1.42,0.46,0.16,0.91,1.55,-1.12,-1,Test data,,
0.49,0.37,0.21,-0.53,0.83,1.51,1.55,-1,Test data,,
-0.82,1.63,1.15,-0.30,0.68,-0.18,0.07,-1,Test data,,
-1.24,0.50,-0.35,0.57,0.18,1.60,-0.49,-1,Test data,,
1.60,1.39,0.34,1.31,0.31,-0.16,0.80,-1,Test data,,
-0.79,0.36,-1.67,-0.71,1.15,0.55,0.60,-1,Test data,,
0.31,-1.30,-0.66,0.62,0.04,-0.34,-0.46,-1,Test data,,
0.36,-1.32,1.59,0.02,0.64,-1.68,1.42,-1,Test data,,
1.26,-1.30,-0.73,0.57,0.35,1.10,0.31,-1,Test data,,
0.80,1.57,-0.16,1.59,-1.68,0.84,-0.84,-1,Test data,,
1.52,1.46,-1.17,-0.76,1.16,-1.12,0.16,1,Test data,,
1.55,-0.83,-0.04,-1.59,0.62,0.83,1.26,-1,Test data,,
1.36,0.98,1.53,-0.67,0.21,-1.48,-0.33,-1,Test data,,
-1.11,1.00,-0.79,0.30,-1.24,1.30,-1.14,-1,Test data,,
0.06,-1.63,-0.29,1.77,-0.89,1.61,-0.99,-1,Test data,,
1.49,-0.99,-1.10,0.80,-1.52,0.35,1.50,-1,Test data,,
-0.23,0.79,0.09,1.22,1.53,-1.43,-0.78,-1,Test data,,
-0.37,0.46,-1.67,-1.40,0.08,1.08,1.23,-1,Test data,,
-1.06,0.56,0.71,-0.62,-0.03,-0.40,1.58,-1,Test data,,
1.15,0.86,1.03,0.39,0.95,0.00,0.01,-1,Test data,,
-0.11,0.11,1.53,-0.71,0.20,-0.20,0.47,-1,Test data,,
-1.17,0.61,1.09,1.59,0.28,-0.68,-0.12,-1,Test data,,
0.01,-0.87,0.84,1.40,-0.20,1.09,-0.83,1,Test data,,
-0.13,-1.13,0.84,0.67,-1.48,0.09,-0.11,-1,Test data,,
0.97,-0.06,-0.79,-0.12,-0.27,-0.75,1.22,-1,Test data,,
-0.87,0.18,1.21,-1.17,-1.01,1.29,1.66,-1,Test data,,
0.58,1.44,1.53,0.16,0.48,1.55,1.08,1,Test data,,
0.76,0.83,0.46,0.90,-1.34,0.90,-0.27,-1,Test data,,
1.13,0.18,-1.04,-0.35,0.25,-1.64,1.60,-1,Test data,,
0.82,0.35,-1.35,-0.25,-1.30,0.94,0.93,-1,Test data,,
0.30,-0.55,1.53,1.13,1.47,-0.82,-0.93,1,Test data,,
1.03,1.29,0.84,0.11,0.73,0.57,0.31,-1,Test data,,
-1.59,-0.97,0.34,-1.08,-0.21,-1.47,0.17,1,Test data,,
0.40,1.38,-0.98,-1.49,-0.13,1.10,-0.49,1,Test data,,
-1.58,-1.61,-0.23,-1.59,-0.71,0.00,-0.07,1,Test data,,
0.62,-0.21,-1.60,-0.90,-0.58,-0.04,0.94,-1,Test data,,
0.27,-1.23,0.15,-1.13,0.42,-0.10,0.75,-1,Test data,,
-1.41,-0.97,-0.10,0.90,-1.48,0.22,1.04,-1,Test data,,
1.57,0.66,0.53,-0.94,-1.16,-1.40,-1.03,-1,Test data,,
-1.38,-1.22,1.65,0.44,0.28,1.64,1.57,-1,Test data,,
-0.45,0.52,-0.04,-0.94,0.40,-0.60,-1.24,-1,Test data,,
0.78,-0.88,-0.16,0.57,-0.91,1.14,1.73,1,Test data,,
0.58,-0.26,0.40,1.45,-0.29,-0.76,-1.56,-1,Test data,,
0.59,0.35,0.78,0.76,-0.25,0.35,0.93,-1,Test data,,
1.10,1.20,-0.23,1.72,-0.31,-1.52,0.37,-1,Test data,,
-0.14,-0.96,0.59,-0.02,1.62,-1.58,-0.52,-1,Test data,,
0.22,-0.22,-0.98,1.63,-1.18,0.05,-0.68,-1,Test data,,
0.14,-0.73,0.96,1.17,0.70,1.54,-1.23,-1,Test data,,
0.23,-1.52,0.90,-0.44,0.29,-0.49,-0.67,-1,Test data,,
0.96,0.41,-1.48,0.25,1.07,-1.30,-0.17,1,Test data,,
0.66,-0.07,-0.23,0.62,-0.35,0.99,1.47,-1,Test data,,
1.48,0.43,0.34,0.02,-1.02,1.70,-0.76,1,Test data,,
1.45,0.05,1.21,-1.40,-1.20,-0.50,1.11,1,Test data,,
-1.48,-0.49,-0.48,-0.99,0.20,-0.87,1.69,-1,Test data,,
-0.67,1.58,-0.35,-0.12,-1.29,0.97,0.17,1,Test data,,
-1.03,0.50,1.21,1.08,-0.29,-1.72,0.82,1,Test data,,
-1.38,-0.17,1.28,1.36,-1.29,1.37,-1.61,1,Test data,,
-0.06,0.56,0.40,0.71,-1.27,-0.39,-0.28,-1,Test data,,
0.30,-0.64,-1.23,-0.07,0.20,-0.15,-0.98,-1,Test data,,
1.45,-1.68,-1.17,0.44,0.05,-0.78,1.06,-1,Test data,,
-0.38,-1.17,-0.23,1.40,0.53,1.29,0.91,1,Test data,,
1.59,0.33,1.53,-0.25,-1.61,-1.72,-1.39,-1,Test data,,
0.73,-0.11,0.71,0.25,-1.55,-0.12,-1.36,-1,Test data,,
0.79,-1.41,-0.60,0.90,-0.64,0.77,-0.09,-1,Test data,,
-0.93,-1.55,1.34,-0.90,0.95,1.45,-0.28,-1,Test data,,
1.55,-1.42,0.46,-0.39,-0.66,-1.32,0.75,-1,Test data,,
-0.54,0.37,0.46,-0.07,-1.30,-0.54,1.39,-1,Test data,,
-1.01,1.24,0.40,-1.63,-0.32,-0.07,1.73,-1,Test data,,
-1.37,0.55,-1.23,1.54,-0.91,1.21,0.14,-1,Test data,,
1.17,1.04,1.65,0.02,-0.38,1.71,0.00,-1,Test data,,
-1.09,-0.70,0.84,-1.17,-1.34,1.13,-0.11,-1,Test data,,
-1.21,1.44,-0.29,-0.99,-1.17,-1.32,-0.25,1,Test data,,
0.61,1.05,-0.41,-0.85,-0.71,-1.03,-0.62,-1,Test data,,
1.53,0.57,0.78,-0.99,0.34,1.63,-1.63,-1,Test data,,
-0.42,-0.72,1.21,0.07,0.18,1.26,-0.58,-1,Test data,,
-0.87,0.60,-0.60,0.07,-1.04,-1.05,0.95,-1,Test data,,
-0.18,-0.06,0.02,-0.12,0.37,1.52,-0.06,-1,Test data,,
1.07,-0.20,0.65,0.62,-1.61,1.28,0.26,-1,Test data,,
-0.07,-1.45,1.59,-0.35,1.34,1.70,1.31,-1,Test data,,
0.11,1.49,-0.54,1.08,1.55,-0.86,-0.53,1,Test data,,
-0.87,0.60,-1.60,1.17,-1.77,0.44,0.86,-1,Test data,,
-1.06,0.09,1.15,-1.04,1.77,1.11,0.13,-1,Test data,,
1.22,-0.82,-1.35,0.85,-0.87,-1.57,-1.17,1,Test data,,
1.11,0.60,1.28,-0.44,-1.31,0.62,1.04,-1,Test data,,
0.58,-0.02,-1.04,1.36,0.71,0.59,-1.03,-1,Test data,,
1.15,-1.55,0.53,-0.53,0.35,-1.11,-1.38,-1,Test data,,
-0.78,1.57,1.15,-1.26,-0.89,-0.03,-0.88,-1,Test data,,
0.52,0.84,1.65,0.25,1.26,-0.70,0.74,-1,Test data,,
-0.84,1.22,-0.16,1.17,1.64,-0.10,-1.23,-1,Test data,,
0.21,-0.91,1.40,0.21,0.30,-0.78,0.44,-1,Test data,,
1.17,-0.10,1.03,-1.08,1.11,0.09,-1.46,-1,Test data,,
-1.26,-1.41,0.78,-1.49,1.29,-0.31,-0.59,-1,Test data,,
0.50,1.56,0.09,0.90,-0.25,0.27,0.81,-1,Test data,,
-0.34,-1.39,0.46,1.36,1.12,-1.47,-1.09,1,Test data,,
-1.01,-1.50,-0.41,1.36,1.06,-0.81,-0.94,-1,Test data,,
0.36,-1.55,0.65,-0.90,1.30,1.18,-0.92,-1,Test data,,
1.02,-0.02,-1.67,0.48,1.63,-0.68,-0.08,-1,Test data,,
-0.62,-1.13,-0.54,0.85,1.38,-1.63,-1.24,-1,Test data,,
-0.19,-0.91,-1.67,1.22,-1.49,-0.16,-0.55,1,Test data,,
0.05,-1.71,-1.23,-1.49,1.77,1.73,1.29,-1,Test data,,
-0.93,0.03,0.96,-0.07,1.28,-0.62,0.01,-1,Test data,,
1.02,0.12,-1.54,1.17,1.75,-0.68,-0.70,-1,Test data,,
-0.56,-1.04,0.65,-0.25,-1.49,0.66,-1.52,-1,Test data,,
1.24,-0.39,0.65,0.16,-1.57,0.30,1.42,-1,Test data,,
-0.69,-0.84,-0.10,-0.76,1.50,-0.34,1.01,1,Test data,,
-0.31,-0.37,-1.54,-0.39,1.65,-1.19,-0.82,1,Test data,,
0.61,0.13,-0.35,-0.02,0.54,-1.60,0.05,-1,Test data,,
-1.48,1.08,0.53,0.48,-0.49,-1.35,-1.34,-1,Test data,,
0.15,0.96,-1.17,-0.48,1.29,-1.11,0.12,1,Test data,,
-1.36,-1.66,-1.35,0.07,-1.07,1.70,-0.30,-1,Test data,,
-0.39,1.13,1.72,0.71,-0.15,1.44,0.87,-1,Test data,,
-1.01,-0.02,-1.29,-1.31,-1.43,-1.32,1.72,-1,Test data,,
-1.16,-0.20,0.34,0.34,0.64,0.37,0.80,-1,Test data,,
-0.93,1.19,-1.04,0.44,0.99,1.24,1.44,1,Test data,,
-1.12,1.15,-0.73,-0.16,0.76,0.99,0.92,-1,Test data,,
0.15,-0.39,1.59,1.49,-0.60,0.30,1.44,-1,Test data,,
-1.06,-1.49,-0.04,0.21,-0.95,0.64,-0.82,-1,Test data,,
-1.48,-0.40,-0.04,-0.44,-1.68,-0.98,1.60,-1,Test data,,
0.62,-1.21,-1.23,1.54,0.15,-1.13,0.88,-1,Test data,,
0.50,-1.18,0.53,-1.63,0.39,-1.56,-0.98,-1,Test data,,
-1.26,-0.59,-0.98,-0.67,0.63,1.16,-0.96,-1,Test data,,
1.60,0.91,0.15,-1.08,1.36,-0.51,0.95,-1,Test data,,
1.49,1.08,-0.54,1.77,1.23,-0.46,-0.73,-1,Test data,,
-0.16,-0.68,-0.85,0.11,0.28,1.49,1.30,-1,Test data,,
-0.82,-1.25,-0.10,-0.85,0.08,0.32,1.08,-1,Test data,,
0.73,-0.55,1.03,-0.62,0.80,-0.57,-0.86,1,Test data,,
-0.55,1.12,-1.35,1.45,-0.66,1.12,1.05,-1,Test data,,
-1.04,-0.25,1.46,-0.02,-0.52,-1.45,-1.27,-1,Test data,,
0.41,0.96,-0.16,1.40,-1.40,0.52,0.08,1,Test data,,
-0.72,0.99,-1.17,0.21,-0.52,0.81,-0.05,-1,Test data,,
0.88,0.36,0.53,-0.81,-1.16,-0.38,-0.17,-1,Test data,,
0.24,0.36,1.59,0.67,0.29,-0.93,1.75,-1,Test data,,
-0.67,1.04,-0.66,-0.12,0.71,0.87,-1.24,-1,Test data,,
-0.25,-0.19,-0.48,0.48,0.91,1.57,1.16,-1,Test data,,
0.47,-1.71,-0.85,-0.58,0.63,-1.40,-0.64,-1,Test data,,
-0.20,0.13,0.59,0.44,0.64,0.38,1.02,-1,Test data,,
0.86,-0.08,-0.16,-0.67,-0.89,-1.16,-0.70,1,Test data,,
-0.34,-0.11,1.40,-1.26,-1.55,1.64,-1.09,1,Test data,,
-1.40,-0.94,0.78,0.71,-1.11,-1.17,1.18,1,Test data,,
0.60,0.04,-1.54,-0.12,0.81,0.54,1.54,-1,Test data,,
1.52,1.22,1.03,-0.25,0.63,1.69,1.49,1,Test data,,
-0.81,1.12,-0.60,-1.59,-0.73,-0.34,1.61,-1,Test data,,
-0.26,-0.50,1.59,1.68,-1.07,-0.29,-0.95,-1,Test data,,
0.69,-0.21,1.03,0.67,0.31,-1.00,-1.26,-1,Test data,,
1.55,-1.56,-0.73,0.16,1.14,-0.06,-0.50,1,Test data,,
-0.66,-1.66,0.59,1.63,0.03,-0.19,0.60,-1,Test data,,
1.10,-0.59,1.59,-1.59,-1.75,-0.04,-1.65,-1,Test data,,
-0.20,-1.31,-1.48,0.07,-0.88,1.05,-1.12,-1,Test data,,
-0.55,0.98,0.40,-1.45,0.47,-0.40,-0.42,-1,Test data,,
-0.70,-0.31,-1.54,0.57,1.31,0.83,-0.87,-1,Test data,,
1.35,0.83,-0.48,-1.13,0.87,-0.81,-0.27,-1,Test data,,
1.62,0.76,1.59,0.99,1.76,-0.67,1.16,-1,Test data,,
-0.73,1.63,1.53,-0.67,0.91,-1.72,-1.39,-1,Test data,,
1.57,0.90,-1.60,-0.21,-0.36,-0.29,-1.36,1,Test data,,
-1.09,0.35,-0.04,0.39,-1.17,1.49,1.10,-1,Test data,,
-0.60,-1.66,0.28,1.77,-0.75,-0.95,-0.05,-1,Test data,,
0.21,-0.30,0.84,-1.13,-1.39,1.58,0.02,-1,Test data,,
0.42,0.94,-1.73,0.11,1.73,-1.23,-0.27,1,Test data,,
0.29,-1.56,-1.60,-0.44,0.51,-1.60,-0.32,1,Test data,,
-1.17,0.23,0.28,1.54,-0.26,-1.50,-0.58,1,Test data,,
1.07,0.08,1.34,-1.36,-1.45,0.70,0.19,-1,Test data,,
-0.70,1.19,1.34,-0.94,-1.57,0.67,0.54,-1,Test data,,
-0.91,-1.40,-1.60,-1.40,-1.23,0.37,-1.40,-1,Test data,,
-0.94,0.14,-1.29,-0.21,-1.75,0.46,-0.89,-1,Test data,,
-0.84,-0.06,0.59,-1.54,1.18,0.27,0.88,-1,Test data,,
-1.06,-0.45,0.46,-0.85,-0.48,1.23,-0.50,1,Test data,,
-0.38,1.62,0.34,-0.58,1.17,-0.19,0.37,1,Test data,,
-0.47,1.55,-1.42,-0.02,-1.18,-1.53,-0.95,-1,Test data,,
-0.23,1.66,1.46,-0.90,-0.17,-1.62,1.14,1,Test data,,
-0.08,-1.07,-1.42,-1.68,-0.59,-0.23,1.10,1,Test data,,
1.71,-1.08,-0.85,0.25,-1.26,0.83,-0.14,-1,Test data,,
1.69,-0.94,-0.41,-0.58,-1.11,-1.28,-1.38,-1,Test data,,
0.19,-0.87,-1.23,-0.25,-1.63,1.69,-1.44,1,Test data,,
1.42,0.23,1.21,1.68,0.85,0.01,0.98,-1,Test data,,
0.82,-0.93,-1.67,-0.76,1.51,-1.27,-0.69,1,Test data,,
-0.65,-0.75,0.02,0.71,1.57,-0.70,0.51,-1,Test data,,
1.67,-0.72,-0.73,-0.71,1.38,-1.66,1.27,-1,Test data,,
-0.44,-0.10,-0.04,-1.13,1.12,-1.51,-1.39,-1,Test data,,
0.04,-1.40,0.34,1.17,0.30,-0.97,0.56,1,Test data,,
0.69,-1.21,1.03,-0.94,0.27,0.14,-0.86,-1,Test data,,
-0.70,-0.65,-1.54,0.30,1.02,-0.66,0.37,-1,Test data,,
0.47,0.07,-0.85,-0.39,-0.04,1.13,-0.83,1,Test data,,
-0.46,0.43,-0.66,1.31,-1.13,0.63,-0.76,-1,Test data,,
0.22,-1.13,1.09,1.08,-1.69,-1.49,1.60,-1,Test data,,
0.66,-0.45,-1.04,1.40,0.00,-0.68,-1.39,-1,Test data,,
1.64,1.22,-0.35,-0.48,-1.49,0.12,-0.15,1,Test data,,
0.11,1.55,0.90,0.30,1.56,-1.58,-1.24,-1,Test data,,
0.52,-1.03,-0.29,-0.76,0.38,-0.97,-0.08,-1,Test data,,
0.19,-0.55,-0.60,1.08,0.28,-1.60,-0.20,-1,Test data,,
0.05,-0.96,0.71,1.54,1.63,-0.19,1.55,-1,Test data,,
0.91,0.84,1.40,-1.63,-1.59,-1.43,-1.40,-1,Test data,,
-0.38,0.55,0.90,-0.94,-0.97,-1.30,0.81,-1,Test data,,
0.56,-1.71,0.02,1.49,-0.55,0.23,-0.98,-1,Test data,,
-0.81,-0.26,0.78,-0.53,0.83,0.58,-1.14,1,Test data,,
-0.81,-1.04,-1.23,1.22,-1.39,0.71,-0.55,-1,Test data,,
0.08,-0.11,1.53,1.22,0.37,-0.11,0.35,-1,Test data,,
